4.860790709883491445e+01,1.563492547671502031e+00,4.564841916423231782e-01
4.809943486383346567e+01,1.030413229886774085e+00,1.200450409867948043e+00
4.901192620520289722e+01,1.428567592830200406e+00,1.519079058250662806e+00
4.896960015488507878e+01,3.829422276058144226e-01,1.425332923582474765e+00
4.859577784262874900e+01,4.500800190870505868e-01,4.439753929894705853e-01
4.815457060649466570e+01,-2.266158424272575467e-01,1.103762762669953545e+00
4.743960222224057333e+01,3.567869944325897102e-01,6.121988487727690886e-01
4.720677055012621537e+01,-6.424883463125732330e-01,7.913829752019149177e-01
4.804632200095963412e+01,-1.238324606893009605e+00,6.062789901977712059e-01
4.799577281554768149e+01,-3.718355848946622855e-01,3.315152390456947706e-02
4.761555249305701665e+01,-1.186660285359473654e+00,-4.633381579956791785e-01
4.694693455480510380e+01,-4.142056473068345124e-01,-2.462768076273197937e-01
4.621451040131947252e+01,-8.749471959020410639e-01,3.354901740713206459e-01
4.652302343128383910e+01,-1.398433498318831347e+00,-5.148957174699041461e-01
4.703586555345101061e+01,-1.613902099434347592e+00,3.675316785008312936e-01
4.781705844341729517e+01,-2.148632114164004570e+00,-6.339443246717797742e-02
4.749366212286386713e+01,-3.125509802767642231e+00,8.002277480220042205e-02
4.673692968713268669e+01,-2.467401125439781850e+00,-2.190982296901901882e-01
4.723877704882103501e+01,-2.041844448022920311e+00,-1.028310593066992906e+00
4.720244553398419640e+01,-3.087220320269213669e+00,-9.856784282769140981e-01
4.820982460741445408e+01,-2.921309631086277392e+00,-7.662781843807409121e-01
4.786037091763032691e+01,-2.626710184805897796e+00,-1.711335454299026004e+00
4.874182741828095544e+01,-3.182993527119287069e+00,-1.706781788815536993e+00
4.924228071100966986e+01,-2.495043278945172194e+00,-1.104077626718062755e+00
4.876593621673324463e+01,-2.090175258388307533e+00,-1.940882279843993752e+00
4.830755074540711291e+01,-1.890903918075433898e+00,-1.014111862770929351e+00
4.781653359245323287e+01,-1.507559712966143106e+00,-1.838665177194861888e+00
4.868205228408372420e+01,-1.011976744781641235e+00,-2.144125433833229621e+00
4.845865171064392030e+01,-1.873053247382426567e-01,-2.741632477971386095e+00
4.774036943991313819e+01,-4.263502333632722130e-01,-2.017186665193186013e+00
4.708500315274190484e+01,-8.724583421244340720e-01,-1.332679795861329008e+00
4.763038693461157180e+01,-5.077061824395041889e-02,-9.955848279745382889e-01
4.835436065679364503e+01,-7.792435691005160647e-01,-1.134004538251918826e+00
4.863891985126423378e+01,9.448892996616600759e-02,-6.375483873319668371e-01
4.789517304680149579e+01,7.496240593218918002e-01,-2.905966303587128041e-01
4.816045559575890422e+01,8.739441237345907387e-01,-1.283975210879980455e+00
4.866059624971014586e+01,7.318772594464212355e-02,-1.709852568503120729e+00
4.904642587334743098e+01,1.024819949571367017e+00,-1.899387291668649835e+00
4.946025481043450611e+01,2.350728463920479239e-01,-2.443259115317162333e+00
4.955471270345643120e+01,-5.264842839287854348e-01,-1.746266954007330563e+00
4.972369259374902839e+01,-1.476036452461694015e+00,-2.144334886288591147e+00
4.921558687180187519e+01,-1.423623168293760122e+00,-1.244323395564136403e+00
4.972233029681319749e+01,-1.699168465234482728e+00,-3.822145079936342671e-01
4.888935858742516416e+01,-2.267064546714320006e+00,-1.054313743569772893e-01
4.870525898487923655e+01,-1.253611821758809697e+00,-2.408357125344961214e-01
4.900309308532894903e+01,-5.239580172252356061e-01,4.309776759598384910e-01
4.996717346449155883e+01,-8.599316673823683699e-01,2.669632895665016159e-01
5.089808061980893683e+01,-4.129745896829403184e-01,3.789545676851322487e-01
5.082353058264070711e+01,-1.216705686386446938e+00,-2.827836675885621598e-01
5.024803882574406799e+01,-1.090485285518984604e+00,-1.143039127645302466e+00
4.945882549348941382e+01,-6.029657242608150725e-01,-6.528577485388514789e-01
5.040364723113655998e+01,-1.933820523099993305e-01,-5.369077067609530074e-01
5.052101250815427846e+01,-6.564832736473129315e-02,-1.557089713238581252e+00
5.015726621067489077e+01,8.543122018371162030e-01,-1.871577789222647725e+00
4.956263522695211776e+01,3.725528142076520721e-01,-1.152244092941295595e+00
4.954133420146157363e+01,3.076365986346694115e-01,-1.119669684596225345e-01
4.948417210676902300e+01,9.512779855135061746e-01,6.955936146034535916e-01
4.986895951352857992e+01,9.127033341134816249e-03,8.899628431805147732e-01
5.049013146114205597e+01,5.546436547684086005e-01,2.485027296590857915e-01
5.042967558219982749e+01,1.397184545269180900e+00,8.291914433805324114e-01
4.994880257682234515e+01,1.403594104676024745e+00,-1.029548752370538223e-01
5.047101207567125414e+01,8.552804721559272849e-01,-8.152203695142981044e-01
4.965986825205919075e+01,1.438091111372790776e+00,-1.121394021040624578e+00
4.893117266440675905e+01,1.109960933054518151e+00,-4.647927084410384269e-01
4.864846566970532393e+01,1.839444556397733521e+00,-1.153900139991884455e+00
4.926438498390068332e+01,2.182933871417211957e+00,-3.814250634344064084e-01
4.952061525548142384e+01,2.501501367318177405e+00,-1.350092896793204877e+00
5.027115797856055224e+01,1.958772054046077127e+00,-1.840972888352014003e+00
5.086101260890254139e+01,2.723495549954278339e+00,-1.444752824939111946e+00
5.034549994502434345e+01,2.159032698385070503e+00,-7.419381736028678453e-01
5.113527160233047653e+01,1.650734746728889979e+00,-1.183307045780043643e+00
5.137833834549847012e+01,2.401921886097575065e+00,-4.888786803839050843e-01
5.163678045624397583e+01,2.073253139155305291e+00,4.721582352592039178e-01
5.101841120440496269e+01,1.459228580937439457e+00,-9.320164404989501883e-02
5.051993534357504956e+01,2.303657805703838157e+00,2.909502593586820174e-01
4.958219173714824990e+01,2.050811190904832770e+00,7.004197218211969389e-01
5.009601064472030885e+01,2.806862587069250292e+00,1.198025557085005355e+00
5.095704098186620001e+01,2.230055299589252193e+00,1.293972686101516389e+00
5.182154990675215345e+01,1.742213447513169644e+00,1.625028137167959574e+00
5.114911706357139565e+01,2.097053064025493629e+00,2.353948802383831751e+00
5.136978518922956027e+01,1.142556386450340522e+00,2.714002602150380916e+00
5.033747287992385822e+01,1.353664565379721241e+00,2.631317142130284559e+00
5.000930635381220668e+01,1.850895621360954646e+00,1.762846881809104760e+00
4.995363621955239353e+01,8.121874649287945669e-01,1.667921214879259262e+00
5.089405313412711962e+01,1.242835143213807614e+00,1.742217813323002629e+00
5.075825123664732530e+01,3.643415481001798240e-01,2.282013527872731817e+00
5.168401426257142361e+01,5.654023577198358241e-01,1.794858333334076184e+00
5.084411406464126060e+01,3.108722462167884393e-01,1.212872591939717193e+00
5.146778423775809586e+01,1.037748919109378942e+00,8.162313151457404325e-01
5.151499221487093649e+01,4.113167606556230593e-01,-1.602766395037813138e-02
5.180176190875605613e+01,-7.509184698868508201e-02,8.722925086946023976e-01
5.147328416128134165e+01,-1.071152077008923120e+00,9.881185189458427942e-01
5.048368638064281555e+01,-8.370511985051657389e-01,1.274498072098227519e+00
5.100058139519646971e+01,-1.455077943660673112e+00,1.942880528531847117e+00
5.078960915443378354e+01,-7.189408148040342672e-01,2.658101486794017365e+00
5.131022632091709568e+01,-4.254814216299216412e-01,1.814065185890062493e+00
5.168279405333901622e+01,-3.003257496621099601e-02,2.707504763881860121e+00
5.191624036782746288e+01,-1.020979553206027290e+00,2.465991544819681636e+00
5.237143040328796673e+01,-3.333098854458416138e-01,1.815228199441363488e+00
5.274240316737959944e+01,-3.298921017182080417e-01,2.790955720603523815e+00
